{"stats":{"minecraft:used":{"minecraft:iron_pickaxe":3,"tacz:gun_smith_table":1,"hunting_delight:cowcorpse":1,"minecraft:chest":10,"bunker_down:steel_pressure_plate":1,"minecraft:stone":4,"minecraft:zombie_spawn_egg":11,"spartanweaponry:netherite_katana":4,"spartanweaponry:diamond_parrying_dagger":1,"securitycraft:scanner_door_item":1,"minecraft:stone_bricks":2,"securitycraft:sentry":9,"minecraft:golden_apple":1},"minecraft:dropped":{"minecraft:rotten_flesh":1,"hunting_delight:broken_bone":3,"hunting_delight:huntingknife":2},"minecraft:mined":{"minecraft:cobblestone_wall":1,"minecraft:birch_leaves":1,"hunting_delight:cowcorpse":1,"minecraft:spruce_leaves":1,"minecraft:stone_bricks":2},"minecraft:picked_up":{"minecraft:torch":1,"hunting_delight:cowcorpse":1,"minecraft:cobblestone_wall":1,"hunting_delight:animal_fat":1,"securitycraft:sentry":9,"minecraft:bone":4,"minecraft:rotten_flesh":3,"minecraft:stone_bricks":2,"hunting_delight:huntingknife":1,"minecraft:beef":4,"spartanweaponry:diamond_dagger":1,"hunting_delight:broken_bone":13,"firstaid:bandage":16},"minecraft:custom":{"minecraft:time_since_rest":616,"minecraft:sprint_one_cm":27551,"minecraft:damage_taken":73,"minecraft:walk_one_cm":47997,"minecraft:mob_kills":6,"minecraft:drop":6,"minecraft:damage_dealt":300,"minecraft:swim_one_cm":2123,"minecraft:fly_one_cm":36374,"minecraft:open_chest":18,"minecraft:crouch_one_cm":10,"minecraft:play_time":17660,"minecraft:sneak_time":15,"minecraft:walk_under_water_one_cm":1134,"minecraft:jump":104,"minecraft:walk_on_water_one_cm":3274,"minecraft:time_since_death":17660,"minecraft:sleep_in_bed":1,"minecraft:climb_one_cm":12853,"minecraft:total_world_time":17660,"minecraft:fall_one_cm":1999},"minecraft:killed":{"minecraft:zombie":5,"minecraft:cow":1}},"DataVersion":3120}