{"stats":{"minecraft:used":{"minecraft:iron_pickaxe":8,"tacz:gun_smith_table":1,"hunting_delight:cowcorpse":1,"minecraft:chest":10,"bunker_down:steel_pressure_plate":1,"minecraft:stone":4,"minecraft:zombie_spawn_egg":11,"spartanweaponry:netherite_katana":6,"spartanweaponry:diamond_parrying_dagger":1,"hunting_delight:animal_fat_block":1,"securitycraft:scanner_door_item":1,"minecraft:stone_bricks":2,"securitycraft:sentry":9,"minecraft:golden_apple":1,"minecraft:carrot":9},"minecraft:dropped":{"minecraft:wheat_seeds":1,"minecraft:rotten_flesh":3,"hunting_delight:broken_bone":16,"hunting_delight:huntingknife":2},"minecraft:mined":{"minecraft:light_blue_stained_glass":2,"minecraft:cobblestone_wall":1,"minecraft:birch_leaves":2,"minecraft:brewing_stand":1,"minecraft:anvil":1,"hunting_delight:cowcorpse":1,"hunting_delight:animal_fat_block":1,"minecraft:spruce_leaves":1,"minecraft:stone_bricks":2,"minecraft:oak_leaves":1},"minecraft:picked_up":{"minecraft:anvil":1,"minecraft:torch":1,"hunting_delight:cowcorpse":1,"minecraft:porkchop":7,"minecraft:brewing_stand":1,"minecraft:cobblestone_wall":1,"hunting_delight:animal_fat_block":2,"hunting_delight:animal_fat":2,"securitycraft:sentry":9,"minecraft:bone":16,"minecraft:rotten_flesh":3,"minecraft:stone_bricks":2,"hunting_delight:huntingknife":1,"minecraft:wheat_seeds":1,"minecraft:beef":4,"spartanweaponry:diamond_dagger":1,"hunting_delight:broken_bone":17,"firstaid:bandage":16,"minecraft:mutton":5,"minecraft:white_wool":1},"minecraft:custom":{"minecraft:time_since_rest":12616,"minecraft:interact_with_furnace":3,"minecraft:sprint_one_cm":83832,"minecraft:damage_taken":323,"minecraft:walk_one_cm":90434,"minecraft:interact_with_anvil":1,"minecraft:mob_kills":11,"minecraft:drop":9,"minecraft:damage_dealt":380,"minecraft:swim_one_cm":3217,"minecraft:player_kills":1,"minecraft:fly_one_cm":87185,"minecraft:open_chest":21,"minecraft:crouch_one_cm":277,"minecraft:play_time":29660,"minecraft:sneak_time":71,"minecraft:walk_under_water_one_cm":1195,"minecraft:jump":370,"minecraft:walk_on_water_one_cm":4663,"minecraft:time_since_death":29660,"minecraft:sleep_in_bed":1,"minecraft:climb_one_cm":19227,"minecraft:total_world_time":29660,"minecraft:fall_one_cm":9642},"minecraft:killed":{"minecraft:sheep":1,"minecraft:zombie":9,"minecraft:cow":1}},"DataVersion":3120}