{"stat.useItem.minecraft.string":1,"stat.chestOpened":5,"stat.useItem.weapons_of_the_apocalypse.fireaxe":69,"stat.walkOneCm":155485,"stat.pickup.minecraft.bone":2,"stat.pickup.minecraft.stick":4,"stat.leaveGame":1,"stat.pickup.minecraft.arrow":3,"stat.pickup.minecraft.crafting_table":1,"stat.useItem.minecraft.cobblestone":1,"stat.pickup.minecraft.stonebrick":16,"stat.useItem.minecraft.tnt":64,"stat.furnaceInteraction":4,"stat.craftItem.minecraft.crafting_table":1,"stat.useItem.minecraft.cooked_porkchop":10,"stat.useItem.weapons_of_the_apocalypse.bandage":20,"stat.pickup.minecraft.string":2,"stat.pickup.minecraft.log":49,"stat.pickup.minecraft.stone_brick_stairs":1,"stat.jump":672,"stat.swimOneCm":7417,"stat.pickup.minecraft.coal":15,"stat.fallOneCm":23098,"stat.drop.toughasnails.canteen":1,"stat.pickup.minecraft.stone":5,"stat.crouchOneCm":1071,"stat.pickup.minecraft.nether_star":1,"stat.mineBlock.minecraft.chest":1,"stat.pickup.minecraft.sapling":19,"stat.pickup.minecraft.dirt":12,"stat.sprintOneCm":42589,"stat.pickup.minecraft.wooden_door":1,"stat.useItem.minecraft.stone_slab2":49,"stat.pickup.minecraft.bow":1,"stat.pickup.minecraft.end_stone":43,"stat.craftingTableInteraction":5,"stat.pickup.minecraft.rotten_flesh":3,"stat.killEntity.Skeleton":6,"stat.drop.minecraft.bow":1,"stat.useItem.minecraft.sapling":5,"stat.craftItem.minecraft.planks":32,"stat.killEntity.Chicken":1,"stat.craftItem.toughasnails.canteen":4,"stat.damageTaken":1858,"stat.pickup.minecraft.leather":23,"stat.killEntity.Spider":3,"stat.mineBlock.minecraft.crafting_table":1,"stat.drop.cgm.handgun":1,"stat.useItem.minecraft.reeds":7,"stat.killEntity.Enderman":1,"stat.useItem.minecraft.ender_eye":6,"stat.mobKills":94,"stat.pickup.minecraft.cobblestone":65,"stat.pickup.minecraft.ender_eye":2,"stat.mineBlock.minecraft.log":7,"stat.pickup.minecraft.planks":2,"stat.drop.minecraft.nether_star":1,"stat.killEntity.Llama":27,"stat.pickup.minecraft.reeds":26,"stat.flyOneCm":624068,"stat.drop":5,"stat.pickup.minecraft.wheat_seeds":1,"stat.mineBlock.minecraft.leaves":1,"stat.craftItem.minecraft.paper":12,"stat.playOneMinute":45849,"stat.killEntity.Witch":1,"stat.killEntity.Sheep":3,"stat.craftItem.toughasnails.charcoal_filter":15,"stat.sneakTime":506,"stat.pickup.minecraft.wool":3,"stat.damageDealt":5459,"stat.drop.weapons_of_the_apocalypse.fireaxe":1,"stat.killEntity.Zombie":9,"stat.timeSinceDeath":45812,"stat.pickup.minecraft.iron_bars":1,"stat.killEntity.Silverfish":33,"stat.mineBlock.minecraft.dirt":2,"stat.mineBlock.minecraft.tallgrass":5,"stat.pickup.minecraft.mutton":6,"stat.diveOneCm":7374,"stat.pickup.minecraft.chest":1}