{"stats":{"minecraft:used":{"minecraft:chest":9,"tacz:gun_smith_table":1,"minecraft:stone":1},"minecraft:custom":{"minecraft:jump":12,"minecraft:open_chest":7,"minecraft:time_since_rest":5660,"minecraft:crouch_one_cm":10,"minecraft:sprint_one_cm":2812,"minecraft:play_time":5660,"minecraft:walk_on_water_one_cm":81,"minecraft:time_since_death":5660,"minecraft:walk_one_cm":11720,"minecraft:sneak_time":13,"minecraft:climb_one_cm":3857,"minecraft:total_world_time":5660,"minecraft:walk_under_water_one_cm":564,"minecraft:fly_one_cm":25646}},"DataVersion":3120}