{"stats":{"minecraft:used":{"minecraft:iron_pickaxe":9,"tacz:gun_smith_table":1,"hunting_delight:cowcorpse":1,"minecraft:chest":10,"bunker_down:steel_pressure_plate":1,"minecraft:stone":4,"minecraft:zombie_spawn_egg":11,"spartanweaponry:netherite_katana":14,"spartanweaponry:diamond_parrying_dagger":2,"hunting_delight:animal_fat_block":1,"securitycraft:scanner_door_item":1,"minecraft:stone_bricks":2,"securitycraft:sentry":9,"minecraft:golden_apple":1,"minecraft:beef":2,"minecraft:carrot":17,"minecraft:air":1,"minecraft:cod":4,"hunting_delight:huntingknife":1},"minecraft:dropped":{"minecraft:wheat_seeds":1,"minecraft:rotten_flesh":3,"hunting_delight:broken_bone":16,"hunting_delight:huntingknife":2,"minecraft:carrot":1},"minecraft:mined":{"minecraft:light_blue_stained_glass":2,"minecraft:cobblestone_wall":1,"minecraft:birch_leaves":2,"minecraft:brewing_stand":1,"minecraft:anvil":1,"hunting_delight:cowcorpse":1,"hunting_delight:animal_fat_block":1,"minecraft:spruce_leaves":1,"minecraft:stone_bricks":2,"minecraft:iron_door":1,"minecraft:oak_leaves":1},"minecraft:picked_up":{"rottencreatures:frozen_rotten_flesh":3,"minecraft:anvil":1,"minecraft:leather":5,"minecraft:torch":1,"hunting_delight:cowcorpse":1,"minecraft:porkchop":7,"minecraft:carrot":1,"minecraft:brewing_stand":1,"minecraft:cobblestone_wall":1,"hunting_delight:animal_fat_block":2,"hunting_delight:animal_fat":5,"securitycraft:sentry":9,"minecraft:bone":29,"minecraft:rotten_flesh":5,"minecraft:stone_bricks":2,"hunting_delight:huntingknife":1,"minecraft:wheat_seeds":1,"minecraft:beef":26,"spartanweaponry:diamond_dagger":1,"hunting_delight:broken_bone":54,"firstaid:bandage":16,"minecraft:mutton":5,"minecraft:snowball":2,"minecraft:white_wool":1},"minecraft:custom":{"minecraft:time_since_rest":21968,"minecraft:interact_with_furnace":3,"minecraft:sprint_one_cm":119902,"minecraft:damage_taken":381,"minecraft:walk_one_cm":120059,"minecraft:interact_with_anvil":1,"minecraft:mob_kills":27,"minecraft:drop":10,"minecraft:damage_dealt":1253,"minecraft:swim_one_cm":3217,"minecraft:player_kills":2,"minecraft:fly_one_cm":130418,"minecraft:open_chest":40,"minecraft:crouch_one_cm":2544,"minecraft:play_time":39012,"minecraft:sneak_time":806,"minecraft:walk_under_water_one_cm":1195,"minecraft:jump":570,"minecraft:leave_game":1,"minecraft:walk_on_water_one_cm":4663,"minecraft:time_since_death":39012,"minecraft:sleep_in_bed":1,"minecraft:climb_one_cm":19407,"minecraft:total_world_time":39012,"minecraft:fall_one_cm":13256},"minecraft:killed":{"minecraft:sheep":1,"minecraft:zombie":19,"rottencreatures:frostbitten":2,"minecraft:cow":4}},"DataVersion":3120}