{"stat.useItem.minecraft.string":1,"stat.chestOpened":5,"stat.useItem.weapons_of_the_apocalypse.fireaxe":69,"stat.walkOneCm":136231,"stat.pickup.minecraft.bone":2,"stat.pickup.minecraft.stick":4,"stat.leaveGame":1,"stat.pickup.minecraft.arrow":3,"stat.pickup.minecraft.crafting_table":1,"stat.useItem.minecraft.cobblestone":1,"stat.furnaceInteraction":4,"stat.craftItem.minecraft.crafting_table":1,"stat.useItem.minecraft.cooked_porkchop":10,"stat.useItem.weapons_of_the_apocalypse.bandage":20,"stat.pickup.minecraft.string":2,"stat.pickup.minecraft.log":49,"stat.jump":632,"stat.swimOneCm":7057,"stat.pickup.minecraft.coal":14,"stat.fallOneCm":22240,"stat.drop.toughasnails.canteen":1,"stat.pickup.minecraft.stone":2,"stat.crouchOneCm":855,"stat.mineBlock.minecraft.chest":1,"stat.pickup.minecraft.sapling":19,"stat.pickup.minecraft.dirt":11,"stat.sprintOneCm":34528,"stat.useItem.minecraft.stone_slab2":4,"stat.pickup.minecraft.bow":1,"stat.craftingTableInteraction":5,"stat.pickup.minecraft.rotten_flesh":3,"stat.killEntity.Skeleton":6,"stat.drop.minecraft.bow":1,"stat.useItem.minecraft.sapling":5,"stat.craftItem.minecraft.planks":32,"stat.killEntity.Chicken":1,"stat.craftItem.toughasnails.canteen":4,"stat.damageTaken":1798,"stat.pickup.minecraft.leather":23,"stat.killEntity.Spider":3,"stat.mineBlock.minecraft.crafting_table":1,"stat.drop.cgm.handgun":1,"stat.useItem.minecraft.reeds":7,"stat.mobKills":51,"stat.pickup.minecraft.cobblestone":9,"stat.mineBlock.minecraft.log":7,"stat.pickup.minecraft.planks":2,"stat.killEntity.Llama":27,"stat.pickup.minecraft.reeds":26,"stat.flyOneCm":169962,"stat.drop":4,"stat.pickup.minecraft.wheat_seeds":1,"stat.mineBlock.minecraft.leaves":1,"stat.craftItem.minecraft.paper":12,"stat.playOneMinute":34149,"stat.killEntity.Witch":1,"stat.killEntity.Sheep":3,"stat.craftItem.toughasnails.charcoal_filter":15,"stat.sneakTime":244,"stat.pickup.minecraft.wool":3,"stat.damageDealt":5449,"stat.drop.weapons_of_the_apocalypse.fireaxe":1,"stat.killEntity.Zombie":9,"stat.timeSinceDeath":34149,"stat.mineBlock.minecraft.dirt":2,"stat.mineBlock.minecraft.tallgrass":5,"stat.pickup.minecraft.mutton":6,"stat.diveOneCm":5566,"stat.pickup.minecraft.chest":1}