{"stat.useItem.minecraft.string":1,"stat.chestOpened":5,"stat.useItem.weapons_of_the_apocalypse.fireaxe":53,"stat.walkOneCm":78671,"stat.pickup.minecraft.bone":2,"stat.pickup.minecraft.stick":4,"stat.leaveGame":1,"stat.pickup.minecraft.arrow":3,"stat.pickup.minecraft.crafting_table":1,"stat.furnaceInteraction":2,"stat.craftItem.minecraft.crafting_table":1,"stat.useItem.minecraft.cooked_porkchop":5,"stat.useItem.weapons_of_the_apocalypse.bandage":8,"stat.pickup.minecraft.string":2,"stat.pickup.minecraft.log":49,"stat.jump":401,"stat.swimOneCm":3748,"stat.pickup.minecraft.coal":12,"stat.fallOneCm":14981,"stat.drop.toughasnails.canteen":1,"stat.crouchOneCm":323,"stat.mineBlock.minecraft.chest":1,"stat.pickup.minecraft.sapling":19,"stat.pickup.minecraft.dirt":5,"stat.sprintOneCm":19316,"stat.useItem.minecraft.stone_slab2":3,"stat.pickup.minecraft.bow":1,"stat.craftingTableInteraction":5,"stat.killEntity.Skeleton":2,"stat.drop.minecraft.bow":1,"stat.craftItem.minecraft.planks":32,"stat.killEntity.Chicken":1,"stat.craftItem.toughasnails.canteen":4,"stat.damageTaken":890,"stat.pickup.minecraft.leather":14,"stat.killEntity.Spider":1,"stat.mineBlock.minecraft.crafting_table":1,"stat.drop.cgm.handgun":1,"stat.useItem.minecraft.reeds":7,"stat.mobKills":28,"stat.mineBlock.minecraft.log":7,"stat.pickup.minecraft.planks":2,"stat.killEntity.Llama":19,"stat.pickup.minecraft.reeds":26,"stat.flyOneCm":128655,"stat.drop":4,"stat.mineBlock.minecraft.leaves":1,"stat.craftItem.minecraft.paper":12,"stat.playOneMinute":21549,"stat.killEntity.Sheep":3,"stat.craftItem.toughasnails.charcoal_filter":15,"stat.sneakTime":92,"stat.pickup.minecraft.wool":3,"stat.damageDealt":4440,"stat.drop.weapons_of_the_apocalypse.fireaxe":1,"stat.killEntity.Zombie":2,"stat.timeSinceDeath":21549,"stat.mineBlock.minecraft.dirt":1,"stat.mineBlock.minecraft.tallgrass":4,"stat.pickup.minecraft.mutton":6,"stat.diveOneCm":2900,"stat.pickup.minecraft.chest":1}