{"stat.useItem.weapons_of_the_apocalypse.fireaxe":16,"stat.killEntity.Skeleton":2,"stat.walkOneCm":19344,"stat.pickup.minecraft.bone":2,"stat.killEntity.Chicken":1,"stat.leaveGame":1,"stat.pickup.minecraft.arrow":3,"stat.damageTaken":250,"stat.pickup.minecraft.leather":4,"stat.drop.cgm.handgun":1,"stat.useItem.minecraft.cooked_porkchop":1,"stat.mobKills":10,"stat.useItem.weapons_of_the_apocalypse.bandage":4,"stat.killEntity.Llama":6,"stat.flyOneCm":65466,"stat.drop":2,"stat.jump":112,"stat.playOneMinute":9849,"stat.fallOneCm":4841,"stat.sneakTime":61,"stat.damageDealt":1570,"stat.drop.weapons_of_the_apocalypse.fireaxe":1,"stat.crouchOneCm":303,"stat.killEntity.Zombie":1,"stat.timeSinceDeath":9849,"stat.sprintOneCm":13522,"stat.pickup.minecraft.bow":1}