{"stat.pickup.weapons_of_the_apocalypse.bandage":32,"stat.chestOpened":5,"stat.useItem.minecraft.string":1,"stat.useItem.weapons_of_the_apocalypse.fireaxe":98,"stat.walkOneCm":112870,"stat.pickup.minecraft.bone":4,"stat.useItem.minecraft.torch":4,"stat.pickup.cgm.basic_ammo":128,"stat.drop.minecraft.wooden_pickaxe":1,"stat.pickup.minecraft.arrow":3,"stat.pickup.minecraft.crafting_table":1,"stat.craftItem.minecraft.crafting_table":1,"stat.furnaceInteraction":6,"stat.pickup.toughasnails.charcoal_filter":7,"stat.useItem.minecraft.cooked_porkchop":18,"stat.pickup.cgm.handgun":1,"stat.mineBlock.minecraft.coal_ore":21,"stat.killEntity.Creeper":5,"stat.craftItem.minecraft.coal":5,"stat.pickup.minecraft.log":79,"stat.pickup.minecraft.string":4,"stat.jump":505,"stat.swimOneCm":6582,"stat.drop.minecraft.chicken":3,"stat.pickup.minecraft.coal":19,"stat.fallOneCm":17656,"stat.useItem.minecraft.planks":3,"stat.pickup.minecraft.furnace":2,"stat.pickup.minecraft.cooked_porkchop":128,"stat.drop.minecraft.feather":6,"stat.craftItem.minecraft.stone_slab2":0,"stat.pickup.minecraft.gunpowder":1,"stat.pickup.minecraft.stone":1,"stat.pickup.minecraft.chicken":3,"stat.crouchOneCm":752,"stat.pickup.minecraft.spider_eye":1,"stat.craftItem.minecraft.chest":1,"stat.craftItem.minecraft.torch":16,"stat.pickup.minecraft.sapling":20,"stat.pickup.minecraft.dirt":4,"stat.sprintOneCm":58011,"stat.useItem.minecraft.stone_slab2":18,"stat.mineBlock.futuremc.lily_of_the_valley":2,"stat.craftItem.minecraft.stick":12,"stat.craftingTableInteraction":7,"stat.pickup.minecraft.rotten_flesh":5,"stat.killEntity.Skeleton":1,"stat.craftItem.minecraft.furnace":1,"stat.useItem.minecraft.sapling":4,"stat.craftItem.minecraft.planks":80,"stat.killEntity.Chicken":2,"stat.pickup.futuremc.lily_of_the_valley":2,"stat.craftItem.toughasnails.canteen":2,"stat.damageTaken":1359,"stat.mineBlock.minecraft.crafting_table":1,"stat.pickup.minecraft.feather":6,"stat.pickup.minecraft.leather":3,"stat.killEntity.Spider":1,"stat.drop.minecraft.bone":4,"stat.craftItem.minecraft.stone_pickaxe":1,"stat.mineBlock.minecraft.furnace":2,"stat.useItem.minecraft.wooden_pickaxe":8,"stat.pickup.minecraft.cobblestone":43,"stat.mobKills":19,"stat.mineBlock.minecraft.log":53,"stat.pickup.minecraft.reeds":7,"stat.killEntity.Llama":4,"stat.flyOneCm":78598,"stat.drop":21,"stat.pickup.minecraft.wheat_seeds":2,"stat.mineBlock.minecraft.leaves":8,"stat.drop.futuremc.lily_of_the_valley":2,"stat.playOneMinute":29322,"stat.drop.minecraft.wheat_seeds":2,"stat.useItem.minecraft.stone_pickaxe":48,"stat.sneakTime":174,"stat.damageDealt":2518,"stat.killEntity.Zombie":6,"stat.drop.minecraft.arrow":3,"stat.timeSinceDeath":29322,"stat.pickup.weapons_of_the_apocalypse.fireaxe":1,"stat.pickup.toughasnails.canteen":1,"stat.mineBlock.minecraft.dirt":4,"stat.craftItem.minecraft.wooden_pickaxe":1,"stat.mineBlock.minecraft.stone":32,"stat.mineBlock.minecraft.tallgrass":18,"stat.diveOneCm":511}