{"stat.pickup.weapons_of_the_apocalypse.bandage":32,"stat.chestOpened":5,"stat.useItem.weapons_of_the_apocalypse.fireaxe":67,"stat.walkOneCm":73528,"stat.pickup.cgm.basic_ammo":128,"stat.drop.minecraft.wooden_pickaxe":1,"stat.pickup.minecraft.crafting_table":1,"stat.craftItem.minecraft.crafting_table":1,"stat.furnaceInteraction":5,"stat.pickup.toughasnails.charcoal_filter":7,"stat.useItem.minecraft.cooked_porkchop":3,"stat.pickup.cgm.handgun":1,"stat.mineBlock.minecraft.coal_ore":13,"stat.killEntity.Creeper":1,"stat.craftItem.minecraft.coal":5,"stat.pickup.minecraft.log":52,"stat.jump":206,"stat.swimOneCm":2687,"stat.drop.minecraft.chicken":3,"stat.pickup.minecraft.coal":13,"stat.fallOneCm":5653,"stat.useItem.minecraft.planks":3,"stat.pickup.minecraft.furnace":1,"stat.pickup.minecraft.cooked_porkchop":128,"stat.drop.minecraft.feather":6,"stat.craftItem.minecraft.stone_slab2":0,"stat.pickup.minecraft.chicken":3,"stat.craftItem.minecraft.chest":1,"stat.pickup.minecraft.sapling":20,"stat.pickup.minecraft.dirt":4,"stat.sprintOneCm":27193,"stat.useItem.minecraft.stone_slab2":9,"stat.mineBlock.futuremc.lily_of_the_valley":2,"stat.craftItem.minecraft.stick":8,"stat.craftingTableInteraction":7,"stat.craftItem.minecraft.furnace":1,"stat.useItem.minecraft.sapling":4,"stat.craftItem.minecraft.planks":24,"stat.killEntity.Chicken":2,"stat.pickup.futuremc.lily_of_the_valley":2,"stat.craftItem.toughasnails.canteen":2,"stat.damageTaken":250,"stat.mineBlock.minecraft.crafting_table":1,"stat.pickup.minecraft.feather":6,"stat.pickup.minecraft.leather":1,"stat.craftItem.minecraft.stone_pickaxe":1,"stat.mineBlock.minecraft.furnace":1,"stat.useItem.minecraft.wooden_pickaxe":8,"stat.pickup.minecraft.cobblestone":31,"stat.mobKills":3,"stat.mineBlock.minecraft.log":53,"stat.pickup.minecraft.reeds":7,"stat.flyOneCm":29214,"stat.drop":12,"stat.mineBlock.minecraft.leaves":8,"stat.drop.futuremc.lily_of_the_valley":2,"stat.playOneMinute":16722,"stat.useItem.minecraft.stone_pickaxe":38,"stat.damageDealt":280,"stat.timeSinceDeath":16722,"stat.pickup.weapons_of_the_apocalypse.fireaxe":1,"stat.pickup.toughasnails.canteen":1,"stat.mineBlock.minecraft.dirt":4,"stat.craftItem.minecraft.wooden_pickaxe":1,"stat.mineBlock.minecraft.stone":31,"stat.mineBlock.minecraft.tallgrass":12,"stat.diveOneCm":460}