{"stats":{"minecraft:killed_by":{"minecraft:player":2},"minecraft:used":{"minecraft:iron_bars":2,"minecraft:iron_axe":20,"minecraft:iron_pickaxe":9,"minecraft:chest":29,"minecraft:stone":14,"minecraft:stone_bricks":3,"minecraft:torch":7,"minecraft:golden_apple":1,"minecraft:brewing_stand":1,"minecraft:cooked_porkchop":1,"spartanweaponry:diamond_dagger":13,"minecraft:air":1},"minecraft:dropped":{"spartanweaponry:diamond_dagger":1,"firstaid:bandage":16,"minecraft:wheat_seeds":1,"hunting_delight:broken_bone":7},"minecraft:mined":{"minecraft:light_blue_stained_glass_pane":2,"minecraft:blue_stained_glass":2,"travelersbackpack:standard":3,"minecraft:enchanting_table":1,"minecraft:grass":2,"minecraft:bookshelf":8,"minecraft:iron_bars":2,"minecraft:cobweb":2,"minecraft:stone_bricks":3,"minecraft:oak_leaves":2,"minecraft:cauldron":1,"minecraft:spawner":2},"minecraft:picked_up":{"minecraft:book":48,"minecraft:enchanting_table":3,"taccraft:plate_carrier_chestplate":3,"minecraft:cooked_porkchop":384,"taccraft:plate_carrier_boots":3,"hunting_delight:humanmeat":6,"minecraft:torch":96,"minecraft:potato":4,"taccraft:plate_carrier_leggings":3,"minecraft:porkchop":4,"firstaid:morphine":32,"minecraft:string":6,"minecraft:cauldron":3,"hunting_delight:animal_fat":4,"minecraft:iron_axe":6,"travelersbackpack:standard":3,"tacz:ammo":532,"minecraft:rotten_flesh":23,"minecraft:stone_bricks":3,"hunting_delight:huntingknife":4,"minecraft:wheat_seeds":1,"tacz:modern_kinetic_gun":3,"spartanweaponry:diamond_dagger":3,"hunting_delight:broken_bone":97,"minecraft:golden_apple":18,"firstaid:bandage":79,"minecraft:iron_pickaxe":6,"minecraft:iron_bars":2,"taccraft:plate_carrier_helmet":3},"minecraft:custom":{"minecraft:time_since_rest":7180,"minecraft:sprint_one_cm":78785,"minecraft:damage_taken":710,"minecraft:walk_one_cm":171664,"minecraft:mob_kills":20,"minecraft:drop":10,"minecraft:damage_dealt":444,"minecraft:fly_one_cm":31838,"minecraft:open_chest":6,"minecraft:crouch_one_cm":2415,"minecraft:play_time":38443,"minecraft:deaths":3,"minecraft:sneak_time":370,"minecraft:walk_under_water_one_cm":1772,"minecraft:jump":221,"minecraft:leave_game":1,"minecraft:time_since_death":7102,"minecraft:walk_on_water_one_cm":5360,"minecraft:sleep_in_bed":1,"minecraft:climb_one_cm":14551,"minecraft:total_world_time":38443,"minecraft:fall_one_cm":4684},"minecraft:killed":{"minecraft:zombie":18,"minecraft:pig":1,"rottencreatures:frostbitten":1}},"DataVersion":3120}