{"stats":{"minecraft:killed_by":{"minecraft:player":1},"minecraft:used":{"minecraft:iron_bars":2,"minecraft:iron_axe":11,"minecraft:iron_pickaxe":9,"minecraft:chest":29,"minecraft:stone":14,"minecraft:stone_bricks":3,"minecraft:torch":7,"minecraft:brewing_stand":1,"spartanweaponry:diamond_dagger":12},"minecraft:dropped":{"spartanweaponry:diamond_dagger":1,"firstaid:bandage":16,"minecraft:wheat_seeds":1,"hunting_delight:broken_bone":4},"minecraft:mined":{"minecraft:light_blue_stained_glass_pane":2,"minecraft:blue_stained_glass":2,"travelersbackpack:standard":2,"minecraft:enchanting_table":1,"minecraft:grass":2,"minecraft:bookshelf":4,"minecraft:iron_bars":2,"minecraft:cobweb":2,"minecraft:stone_bricks":3,"minecraft:oak_leaves":2,"minecraft:cauldron":1,"minecraft:spawner":2},"minecraft:picked_up":{"minecraft:book":36,"minecraft:enchanting_table":3,"taccraft:plate_carrier_chestplate":2,"minecraft:cooked_porkchop":256,"taccraft:plate_carrier_boots":2,"hunting_delight:humanmeat":4,"minecraft:torch":64,"minecraft:potato":3,"taccraft:plate_carrier_leggings":2,"minecraft:porkchop":3,"firstaid:morphine":32,"minecraft:string":6,"minecraft:cauldron":3,"hunting_delight:animal_fat":3,"minecraft:iron_axe":4,"travelersbackpack:standard":2,"tacz:ammo":361,"minecraft:rotten_flesh":13,"minecraft:stone_bricks":3,"hunting_delight:huntingknife":3,"minecraft:wheat_seeds":1,"tacz:modern_kinetic_gun":2,"spartanweaponry:diamond_dagger":2,"hunting_delight:broken_bone":62,"minecraft:golden_apple":12,"firstaid:bandage":64,"minecraft:iron_pickaxe":4,"minecraft:iron_bars":2,"taccraft:plate_carrier_helmet":2},"minecraft:custom":{"minecraft:time_since_rest":1095,"minecraft:sprint_one_cm":39373,"minecraft:damage_taken":438,"minecraft:walk_one_cm":116514,"minecraft:mob_kills":9,"minecraft:drop":7,"minecraft:damage_dealt":244,"minecraft:fly_one_cm":16611,"minecraft:open_chest":4,"minecraft:crouch_one_cm":2350,"minecraft:play_time":29105,"minecraft:deaths":2,"minecraft:sneak_time":296,"minecraft:walk_under_water_one_cm":1381,"minecraft:jump":137,"minecraft:time_since_death":1063,"minecraft:walk_on_water_one_cm":3409,"minecraft:sleep_in_bed":1,"minecraft:climb_one_cm":14105,"minecraft:total_world_time":29105,"minecraft:fall_one_cm":1960},"minecraft:killed":{"minecraft:zombie":7,"minecraft:pig":1}},"DataVersion":3120}