{"stat.pickup.weapons_of_the_apocalypse.bandage":32,"stat.useItem.weapons_of_the_apocalypse.fireaxe":6,"stat.walkOneCm":10965,"stat.pickup.cgm.basic_ammo":128,"stat.craftItem.minecraft.planks":24,"stat.drop.minecraft.wooden_pickaxe":1,"stat.pickup.minecraft.crafting_table":1,"stat.damageTaken":140,"stat.mineBlock.minecraft.crafting_table":1,"stat.craftItem.minecraft.crafting_table":1,"stat.craftItem.minecraft.stone_pickaxe":1,"stat.useItem.minecraft.cooked_porkchop":1,"stat.useItem.minecraft.wooden_pickaxe":8,"stat.pickup.cgm.handgun":1,"stat.pickup.minecraft.cobblestone":10,"stat.mineBlock.minecraft.coal_ore":13,"stat.mineBlock.minecraft.log":6,"stat.pickup.minecraft.log":6,"stat.flyOneCm":12735,"stat.drop":1,"stat.jump":79,"stat.mineBlock.minecraft.leaves":2,"stat.playOneMinute":5022,"stat.pickup.minecraft.coal":13,"stat.fallOneCm":1845,"stat.useItem.minecraft.planks":3,"stat.useItem.minecraft.stone_pickaxe":19,"stat.pickup.minecraft.cooked_porkchop":128,"stat.timeSinceDeath":5022,"stat.pickup.weapons_of_the_apocalypse.fireaxe":1,"stat.sprintOneCm":11974,"stat.useItem.minecraft.stone_slab2":1,"stat.craftItem.minecraft.wooden_pickaxe":1,"stat.mineBlock.minecraft.stone":14,"stat.craftItem.minecraft.stick":8,"stat.craftingTableInteraction":2}