{"stats":{"minecraft:used":{"minecraft:torch":7,"minecraft:brewing_stand":1,"minecraft:iron_axe":2,"spartanweaponry:diamond_dagger":10,"minecraft:chest":29,"minecraft:stone":14},"minecraft:dropped":{"hunting_delight:broken_bone":4,"spartanweaponry:diamond_dagger":1,"firstaid:bandage":16,"minecraft:wheat_seeds":1},"minecraft:mined":{"minecraft:grass":2},"minecraft:picked_up":{"minecraft:rotten_flesh":9,"hunting_delight:huntingknife":1,"minecraft:wheat_seeds":1,"minecraft:potato":1,"minecraft:porkchop":1,"hunting_delight:broken_bone":33,"hunting_delight:animal_fat":1},"minecraft:custom":{"minecraft:time_since_rest":616,"minecraft:open_chest":3,"minecraft:crouch_one_cm":697,"minecraft:play_time":17105,"minecraft:sprint_one_cm":18975,"minecraft:damage_taken":99,"minecraft:walk_one_cm":69077,"minecraft:sneak_time":182,"minecraft:walk_under_water_one_cm":1381,"minecraft:mob_kills":8,"minecraft:drop":7,"minecraft:jump":43,"minecraft:damage_dealt":244,"minecraft:walk_on_water_one_cm":3409,"minecraft:time_since_death":17105,"minecraft:sleep_in_bed":1,"minecraft:total_world_time":17105,"minecraft:climb_one_cm":7988,"minecraft:fall_one_cm":267,"minecraft:fly_one_cm":4983},"minecraft:killed":{"minecraft:zombie":6,"minecraft:pig":1}},"DataVersion":3120}